Workbook

Sheet Attendance Tracker
A1: Name | B1: Month | C1: Contact | D1: Group/Department | E1: Total Days Present | F1: Actual Days Present | G1: Attendance Percentage | H1: Minimum Attendance % | I1: Requirements Met
A2: Attendee 1 | B2: 45474 | C2: =VLOOKUP('Attendance Tracker'!A2, 'List 1'!A2:B58,2,) -> attendee1@company.com | D2: =VLOOKUP(A2,'List 2'!A2:B51,2,) -> Marketing | E2: =DATE(2024,7,5) - DATE(2024,7,1) + 1 -> 5 | F2: =_xlfn.XLOOKUP(A2,'List 3'!A:A,'List 3'!F:F,) -> 2 | G2: =(F2/E2) * 100 -> 40 | H2: =VLOOKUP(D2,'List 2'!B:D,3,) -> 80 | I2: =IF(Table1[[#This Row],[Attendance Percentage]]>=Table1[[#This Row],[Minimum Attendance %]],"Yes","No") -> No
A3: Attendee 2 | B3: 45474 | C3: =VLOOKUP('Attendance Tracker'!A3, 'List 1'!A3:B59,2,) -> attendee2@company.com | D3: =VLOOKUP(A3,'List 2'!A3:B52,2,) -> Sales | E3: =DATE(2024,7,5) - DATE(2024,7,1) + 1 -> 5 | F3: =_xlfn.XLOOKUP(A3,'List 3'!A:A,'List 3'!F:F,) -> 3 | G3: =(F3/E3) * 100 -> 60 | H3: =VLOOKUP(D3,'List 2'!B:D,3,) -> 80 | I3: =IF(Table1[[#This Row],[Attendance Percentage]]>=Table1[[#This Row],[Minimum Attendance %]],"Yes","No") -> No
A4: Attendee 3 | B4: 45474 | C4: =VLOOKUP('Attendance Tracker'!A4, 'List 1'!A4:B60,2,) -> attendee3@company.com | D4: =VLOOKUP(A4,'List 2'!A4:B53,2,) -> HR | E4: =DATE(2024,7,5) - DATE(2024,7,1) + 1 -> 5 | F4: =_xlfn.XLOOKUP(A4,'List 3'!A:A,'List 3'!F:F,) -> 2 | G4: =(F4/E4) * 100 -> 40 | H4: =VLOOKUP(D4,'List 2'!B:D,3,) -> 80 | I4: =IF(Table1[[#This Row],[Attendance Percentage]]>=Table1[[#This Row],[Minimum Attendance %]],"Yes","No") -> No
A5: Attendee 4 | B5: 45474 | C5: =VLOOKUP('Attendance Tracker'!A5, 'List 1'!A5:B61,2,) -> attendee4@company.com | D5: =VLOOKUP(A5,'List 2'!A5:B54,2,) -> IT | E5: =DATE(2024,7,5) - DATE(2024,7,1) + 1 -> 5 | F5: =_xlfn.XLOOKUP(A5,'List 3'!A:A,'List 3'!F:F,) -> 2 | G5: =(F5/E5) * 100 -> 40 | H5: =VLOOKUP(D5,'List 2'!B:D,3,) -> 40 | I5: =IF(Table1[[#This Row],[Attendance Percentage]]>=Table1[[#This Row],[Minimum Attendance %]],"Yes","No") -> Yes
A6: Attendee 5 | B6: 45474 | C6: =VLOOKUP('Attendance Tracker'!A6, 'List 1'!A6:B62,2,) -> attendee5@company.com | D6: =VLOOKUP(A6,'List 2'!A6:B55,2,) -> Finance | E6: =DATE(2024,7,5) - DATE(2024,7,1) + 1 -> 5 | F6: =_xlfn.XLOOKUP(A6,'List 3'!A:A,'List 3'!F:F,) -> 3 | G6: =(F6/E6) * 100 -> 60 | H6: =VLOOKUP(D6,'List 2'!B:D,3,) -> 40 | I6: =IF(Table1[[#This Row],[Attendance Percentage]]>=Table1[[#This Row],[Minimum Attendance %]],"Yes","No") -> Yes
A7: Attendee 6 | B7: 45474 | C7: =VLOOKUP('Attendance Tracker'!A7, 'List 1'!A7:B63,2,) -> attendee6@company.com | D7: =VLOOKUP(A7,'List 2'!A7:B56,2,) -> Marketing | E7: =DATE(2024,7,5) - DATE(2024,7,1) + 1 -> 5 | F7: =_xlfn.XLOOKUP(A7,'List 3'!A:A,'List 3'!F:F,) -> 3 | G7: =(F7/E7) * 100 -> 60 | H7: =VLOOKUP(D7,'List 2'!B:D,3,) -> 80 | I7: =IF(Table1[[#This Row],[Attendance Percentage]]>=Table1[[#This Row],[Minimum Attendance %]],"Yes","No") -> No
A8: Attendee 7 | B8: 45474 | C8: =VLOOKUP('Attendance Tracker'!A8, 'List 1'!A8:B64,2,) -> attendee7@company.com | D8: =VLOOKUP(A8,'List 2'!A8:B57,2,) -> Sales | E8: =DATE(2024,7,5) - DATE(2024,7,1) + 1 -> 5 | F8: =_xlfn.XLOOKUP(A8,'List 3'!A:A,'List 3'!F:F,) -> 4 | G8: =(F8/E8) * 100 -> 80 | H8: =VLOOKUP(D8,'List 2'!B:D,3,) -> 80 | I8: =IF(Table1[[#This Row],[Attendance Percentage]]>=Table1[[#This Row],[Minimum Attendance %]],"Yes","No") -> Yes
A9: Attendee 8 | B9: 45474 | C9: =VLOOKUP('Attendance Tracker'!A9, 'List 1'!A9:B65,2,) -> attendee8@company.com | D9: =VLOOKUP(A9,'List 2'!A9:B58,2,) -> HR | E9: =DATE(2024,7,5) - DATE(2024,7,1) + 1 -> 5 | F9: =_xlfn.XLOOKUP(A9,'List 3'!A:A,'List 3'!F:F,) -> 3 | G9: =(F9/E9) * 100 -> 60 | H9: =VLOOKUP(D9,'List 2'!B:D,3,) -> 80 | I9: =IF(Table1[[#This Row],[Attendance Percentage]]>=Table1[[#This Row],[Minimum Attendance %]],"Yes","No") -> No
A10: Attendee 9 | B10: 45474 | C10: =VLOOKUP('Attendance Tracker'!A10, 'List 1'!A10:B66,2,) -> attendee9@company.com | D10: =VLOOKUP(A10,'List 2'!A10:B59,2,) -> IT | E10: =DATE(2024,7,5) - DATE(2024,7,1) + 1 -> 5 | F10: =_xlfn.XLOOKUP(A10,'List 3'!A:A,'List 3'!F:F,) -> 4 | G10: =(F10/E10) * 100 -> 80 | H10: =VLOOKUP(D10,'List 2'!B:D,3,) -> 40 | I10: =IF(Table1[[#This Row],[Attendance Percentage]]>=Table1[[#This Row],[Minimum Attendance %]],"Yes","No") -> Yes
A11: Attendee 10 | B11: 45474 | C11: =VLOOKUP('Attendance Tracker'!A11, 'List 1'!A11:B67,2,) -> attendee10@company.com | D11: =VLOOKUP(A11,'List 2'!A11:B60,2,) -> Finance | E11: =DATE(2024,7,5) - DATE(2024,7,1) + 1 -> 5 | F11: =_xlfn.XLOOKUP(A11,'List 3'!A:A,'List 3'!F:F,) -> 2 | G11: =(F11/E11) * 100 -> 40 | H11: =VLOOKUP(D11,'List 2'!B:D,3,) -> 40 | I11: =IF(Table1[[#This Row],[Attendance Percentage]]>=Table1[[#This Row],[Minimum Attendance %]],"Yes","No") -> Yes
A12: Attendee 11 | B12: 45474 | C12: =VLOOKUP('Attendance Tracker'!A12, 'List 1'!A12:B68,2,) -> attendee11@company.com | D12: =VLOOKUP(A12,'List 2'!A12:B61,2,) -> Marketing | E12: =DATE(2024,7,5) - DATE(2024,7,1) + 1 -> 5 | F12: =_xlfn.XLOOKUP(A12,'List 3'!A:A,'List 3'!F:F,) -> 3 | G12: =(F12/E12) * 100 -> 60 | H12: =VLOOKUP(D12,'List 2'!B:D,3,) -> 80 | I12: =IF(Table1[[#This Row],[Attendance Percentage]]>=Table1[[#This Row],[Minimum Attendance %]],"Yes","No") -> No
A13: Attendee 12 | B13: 45474 | C13: =VLOOKUP('Attendance Tracker'!A13, 'List 1'!A13:B69,2,) -> attendee12@company.com | D13: =VLOOKUP(A13,'List 2'!A13:B62,2,) -> Sales | E13: =DATE(2024,7,5) - DATE(2024,7,1) + 1 -> 5 | F13: =_xlfn.XLOOKUP(A13,'List 3'!A:A,'List 3'!F:F,) -> 0 | G13: =(F13/E13) * 100 -> 0 | H13: =VLOOKUP(D13,'List 2'!B:D,3,) -> 80 | I13: =IF(Table1[[#This Row],[Attendance Percentage]]>=Table1[[#This Row],[Minimum Attendance %]],"Yes","No") -> No
... A51: Attendee 50 | B51: 45474 | C51: =VLOOKUP('Attendance Tracker'!A51, 'List 1'!A51:B107,2,) -> attendee50@company.com | D51: =VLOOKUP(A51,'List 2'!A51:B100,2,) -> Finance | E51: =DATE(2024,7,5) - DATE(2024,7,1) + 1 -> 5 | F51: =_xlfn.XLOOKUP(A51,'List 3'!A:A,'List 3'!F:F,) -> 1 | G51: =(F51/E51) * 100 -> 20 | H51: =VLOOKUP(D51,'List 2'!B:D,3,) -> 40 | I51: =IF(Table1[[#This Row],[Attendance Percentage]]>=Table1[[#This Row],[Minimum Attendance %]],"Yes","No") -> No

Sheet Individual Attendance Summary
A1: Department | B1: Average of Attendance Percentage | D1: No. of Days Present | E1: (All)
A2: Finance | B2: 48 | D2: Requirements Met | E2: Yes
A3: HR | B3: 48 | D3: Attendance Rate | E3: (All)
A4: IT | B4: 54
A5: Marketing | B5: 52 | D5: Employees
A6: Sales | B6: 52 | D6: Attendee 10
A7: Grand Total | B7: 50.8 | D7: Attendee 14
D8: Attendee 15
D9: Attendee 19
D10: Attendee 20
D11: Attendee 24
D12: Attendee 25
D13: Attendee 27
D14: Attendee 29
D15: Attendee 30
D16: Attendee 33
D17: Attendee 34
D18: Attendee 35
D19: Attendee 37
... D30: Grand Total

Sheet Attendance Summary
A1: Attended | B1: Yes
A3: Row Labels | B3: Count of Attended
A4: Monday | B4: 25
A5: Tuesday | B5: 25
A6: Wednesday | B6: 24
A7: Thursday | B7: 30
A8: Friday | B8: 23
A9: Grand Total | B9: 127
A11: Most Attended Day | B11: =INDEX(A4:A8, MATCH(MAX(B4:B8), B4:B8, 0)) -> Thursday
A12: Least Attended Day | B12: =INDEX(A4:A8, MATCH(MIN(B4:B8), B4:B8, 0)) -> Friday

Sheet List 1
A1: Name | B1: Email Address
A2: Attendee 1 | B2: attendee1@company.com
A3: Attendee 2 | B3: attendee2@company.com
A4: Attendee 3 | B4: attendee3@company.com
A5: Attendee 4 | B5: attendee4@company.com
A6: Attendee 5 | B6: attendee5@company.com
A7: Attendee 6 | B7: attendee6@company.com
A8: Attendee 7 | B8: attendee7@company.com
A9: Attendee 8 | B9: attendee8@company.com
A10: Attendee 9 | B10: attendee9@company.com
A11: Attendee 10 | B11: attendee10@company.com
A12: Attendee 11 | B12: attendee11@company.com
... A58: Attendee 50 | B58: attendee50@company.com

Sheet List 2
A1: Name | B1: Department | C1: Group | D1: Attendance Threshold | H1: Legend
A2: Attendee 1 | B2: Marketing | C2: =VLOOKUP(B:B,H:I,2,0) -> A | D2: =IF(OR(C2="A",C2="B",C2="C"),80,40) -> 80 | H2: Department | I2: Group
A3: Attendee 2 | B3: Sales | C3: =VLOOKUP(B:B,H:I,2,0) -> B | D3: =IF(OR(C3="A",C3="B",C3="C"),80,40) -> 80 | H3: Marketing | I3: A
A4: Attendee 3 | B4: HR | C4: =VLOOKUP(B:B,H:I,2,0) -> C | D4: =IF(OR(C4="A",C4="B",C4="C"),80,40) -> 80 | H4: Sales | I4: B
A5: Attendee 4 | B5: IT | C5: =VLOOKUP(B:B,H:I,2,0) -> D | D5: =IF(OR(C5="A",C5="B",C5="C"),80,40) -> 40 | H5: HR | I5: C
A6: Attendee 5 | B6: Finance | C6: =VLOOKUP(B:B,H:I,2,0) -> E | D6: =IF(OR(C6="A",C6="B",C6="C"),80,40) -> 40 | H6: IT | I6: D
A7: Attendee 6 | B7: Marketing | C7: =VLOOKUP(B:B,H:I,2,0) -> A | D7: =IF(OR(C7="A",C7="B",C7="C"),80,40) -> 80 | H7: Finance | I7: E
A8: Attendee 7 | B8: Sales | C8: =VLOOKUP(B:B,H:I,2,0) -> B | D8: =IF(OR(C8="A",C8="B",C8="C"),80,40) -> 80
A9: Attendee 8 | B9: HR | C9: =VLOOKUP(B:B,H:I,2,0) -> C | D9: =IF(OR(C9="A",C9="B",C9="C"),80,40) -> 80
A10: Attendee 9 | B10: IT | C10: =VLOOKUP(B:B,H:I,2,0) -> D | D10: =IF(OR(C10="A",C10="B",C10="C"),80,40) -> 40
A11: Attendee 10 | B11: Finance | C11: =VLOOKUP(B:B,H:I,2,0) -> E | D11: =IF(OR(C11="A",C11="B",C11="C"),80,40) -> 40
A12: Attendee 11 | B12: Marketing | C12: =VLOOKUP(B:B,H:I,2,0) -> A | D12: =IF(OR(C12="A",C12="B",C12="C"),80,40) -> 80
A13: Attendee 12 | B13: Sales | C13: =VLOOKUP(B:B,H:I,2,0) -> B | D13: =IF(OR(C13="A",C13="B",C13="C"),80,40) -> 80
A14: Attendee 13 | B14: HR | C14: =VLOOKUP(B:B,H:I,2,0) -> C | D14: =IF(OR(C14="A",C14="B",C14="C"),80,40) -> 80
A15: Attendee 14 | B15: IT | C15: =VLOOKUP(B:B,H:I,2,0) -> D | D15: =IF(OR(C15="A",C15="B",C15="C"),80,40) -> 40
A16: Attendee 15 | B16: Finance | C16: =VLOOKUP(B:B,H:I,2,0) -> E | D16: =IF(OR(C16="A",C16="B",C16="C"),80,40) -> 40
A17: Attendee 16 | B17: Marketing | C17: =VLOOKUP(B:B,H:I,2,0) -> A | D17: =IF(OR(C17="A",C17="B",C17="C"),80,40) -> 80
A18: Attendee 17 | B18: Sales | C18: =VLOOKUP(B:B,H:I,2,0) -> B | D18: =IF(OR(C18="A",C18="B",C18="C"),80,40) -> 80
A19: Attendee 18 | B19: HR | C19: =VLOOKUP(B:B,H:I,2,0) -> C | D19: =IF(OR(C19="A",C19="B",C19="C"),80,40) -> 80
... A51: Attendee 50 | B51: Finance | C51: =VLOOKUP(B:B,H:I,2,0) -> E | D51: =IF(OR(C51="A",C51="B",C51="C"),80,40) -> 40

Sheet List 3
A1: Name | B1: Date | C1: Day | D1: Attended | E1: Days Present | F1: Total Days Present
A2: Attendee 1 | B2: 45474 | C2: =TEXT(B2,"dddd") -> Monday | D2: Yes | E2: =IF(D2="Yes",1,0) -> 1 | F2: =SUMIF(A:A,A2,E:E) -> 2
A3: Attendee 2 | B3: 45474 | C3: =TEXT(B3,"dddd") -> Monday | D3: No | E3: =IF(D3="Yes",1,0) -> 0 | F3: =SUMIF(A:A,A3,E:E) -> 3
A4: Attendee 3 | B4: 45474 | C4: =TEXT(B4,"dddd") -> Monday | D4: Yes | E4: =IF(D4="Yes",1,0) -> 1 | F4: =SUMIF(A:A,A4,E:E) -> 2
A5: Attendee 4 | B5: 45474 | C5: =TEXT(B5,"dddd") -> Monday | D5: No | E5: =IF(D5="Yes",1,0) -> 0 | F5: =SUMIF(A:A,A5,E:E) -> 2
A6: Attendee 5 | B6: 45474 | C6: =TEXT(B6,"dddd") -> Monday | D6: Yes | E6: =IF(D6="Yes",1,0) -> 1 | F6: =SUMIF(A:A,A6,E:E) -> 3
A7: Attendee 6 | B7: 45474 | C7: =TEXT(B7,"dddd") -> Monday | D7: No | E7: =IF(D7="Yes",1,0) -> 0 | F7: =SUMIF(A:A,A7,E:E) -> 3
A8: Attendee 7 | B8: 45474 | C8: =TEXT(B8,"dddd") -> Monday | D8: Yes | E8: =IF(D8="Yes",1,0) -> 1 | F8: =SUMIF(A:A,A8,E:E) -> 4
A9: Attendee 8 | B9: 45474 | C9: =TEXT(B9,"dddd") -> Monday | D9: No | E9: =IF(D9="Yes",1,0) -> 0 | F9: =SUMIF(A:A,A9,E:E) -> 3
A10: Attendee 9 | B10: 45474 | C10: =TEXT(B10,"dddd") -> Monday | D10: Yes | E10: =IF(D10="Yes",1,0) -> 1 | F10: =SUMIF(A:A,A10,E:E) -> 4
A11: Attendee 10 | B11: 45474 | C11: =TEXT(B11,"dddd") -> Monday | D11: No | E11: =IF(D11="Yes",1,0) -> 0 | F11: =SUMIF(A:A,A11,E:E) -> 2
A12: Attendee 11 | B12: 45474 | C12: =TEXT(B12,"dddd") -> Monday | D12: Yes | E12: =IF(D12="Yes",1,0) -> 1 | F12: =SUMIF(A:A,A12,E:E) -> 3
A13: Attendee 12 | B13: 45474 | C13: =TEXT(B13,"dddd") -> Monday | D13: No | E13: =IF(D13="Yes",1,0) -> 0 | F13: =SUMIF(A:A,A13,E:E) -> 0
... A251: Attendee 50 | B251: 45478 | C251: =TEXT(B251,"dddd") -> Friday | D251: No | E251: =IF(D251="Yes",1,0) -> 0 | F251: =SUMIF(A:A,A251,E:E) -> 1
